Phylum,count,percent
excluded_epa,4,0.4206098843322818
Ascomycota,947,99.57939011566772
